strain	predicted_date
NODE_0000001	2014-03-11 03:00:15.688478
NODE_0000063	2014-03-20 12:02:39.636842
NODE_0000061	2014-04-01 06:16:35.394288
NODE_0000060	2014-04-08 17:17:43.427125
NODE_0000053	2014-04-17 18:58:15.333253
NODE_0000000	2014-05-23 05:20:23.360597
NODE_0000130	2014-06-01 21:15:50.734864
NODE_0000215	2014-06-19 07:43:08.411866
NODE_0000311	2014-11-18 08:25:43.392335
NODE_0000334	2014-12-07 23:08:20.240480
NODE_0000335	2015-03-14 20:19:22.716065
NODE_0000336	2015-04-01 15:11:01.519776
NODE_0000264	2015-04-07 08:24:58.073731
NODE_0000268	2015-04-12 19:24:52.031251
NODE_0000271	2015-04-18 01:11:05.502320
NODE_0000272	2015-04-23 00:18:04.630738
NODE_0000346	2015-05-27 08:19:14.393922
NODE_0000351	2015-06-21 21:20:25.530397
NODE_0000352	2015-07-16 11:13:12.339479
NODE_0000353	2015-08-10 05:57:21.747438
NODE_0000285	2015-08-15 00:36:12.483216
NODE_0000356	2015-09-12 13:43:42.483216
NODE_0000357	2015-10-05 03:14:46.918031
REDC_GUI_2015_02242	2015-10-22 15:47:46.764222
EM_FORE_2015_2781	2015-10-12 15:20:35.582887
EM_FORE_2015_2878	2015-10-22 15:47:46.764222
FCH_730	2015-09-23 15:17:07.488099
FCH1785_S	2015-09-12 14:53:38.161927
FCH_731	2015-09-23 16:56:43.734742
FCH_729	2015-09-23 15:46:25.973512
REDC_GUI_2015_01408	2015-09-01 15:40:42.705689
REDC_GUI_2015_01323	2015-08-25 15:17:42.713014
NODE_0000279	2015-06-24 06:45:14.452516
NODE_0000280	2015-07-20 21:57:35.370484
CON-10590	2015-08-10 15:11:32.418824
CON-10193	2015-08-03 15:25:54.461061
CON-10512	2015-08-10 15:16:04.989625
NODE_0000350	2015-07-15 10:41:34.725953
REDC_GUI_2015_01165	2015-08-18 16:39:28.822633
CON-11010	2015-08-21 14:42:19.660035
NODE_0000273	2015-05-12 10:12:53.607789
EM_COY_2015_017135	2015-05-30 15:08:48.612672
EM_COY_2015_016800	2015-05-19 15:32:54.811708
EM_COY_2015_017787	2015-06-13 14:51:03.378297
REDC-GUI-2015-00502	2015-07-12 14:39:18.632813
NODE_0000341	2015-07-07 22:17:04.343263
REDC_GUI_2015_01285	2015-08-21 16:09:10.393067
EM_COY_2015_023747	2015-09-09 14:07:20.090333
NODE_0000345	2015-05-11 06:26:24.371339
EM_COY_2015_016531	2015-05-11 17:48:32.410699
EM_COY_2015_016617	2015-05-15 15:26:14.318849
EM_COY_2015_016456	2015-05-11 15:50:51.046144
IPDPFHGINSP_GUI_2015_5038	2015-04-01 19:19:19.391414
A023888	2015-09-12 12:42:07.657472
EM_COY_2015_015815	2015-04-12 15:35:00.509034
NODE_0000320	2015-03-08 02:45:36.507569
NODE_0000321	2015-05-11 04:48:28.773194
NODE_0000246	2015-05-19 01:55:31.060182
NODE_0000247	2015-05-26 08:45:22.417604
NODE_0000248	2015-06-02 14:02:19.010011
NODE_0000249	2015-06-09 21:53:25.046998
NODE_0000250	2015-06-16 09:14:00.775453
NODE_0000251	2015-06-22 02:40:33.614503
NODE_0000253	2015-06-28 00:59:58.824464
NODE_0000257	2015-07-04 20:37:34.853211
NODE_0000258	2015-07-10 18:09:31.871339
EM-FORE-2015-1414	2015-07-12 16:22:25.374070
CON-10786	2015-08-14 14:45:34.530030
REDC-GUI-2015-00497	2015-07-12 15:26:00.393678
EM_FORE_2015_1076	2015-07-01 15:50:46.287690
NODE_0000252	2015-06-27 00:31:58.575440
EM_COY_2015_022059	2015-07-01 15:37:04.764405
EM_FORE_2015_1140	2015-07-01 15:37:04.764405
EM_FORE_2015_1023	2015-06-28 15:18:05.660707
CON-8811	2015-06-24 15:13:46.149903
EM_FORE_2015_1437	2015-07-12 15:14:23.558351
EM_FORE_2015_1313	2015-07-09 15:07:01.990357
EM_COY_2015_017174	2015-05-30 15:14:11.940309
EM_FORE_2015-1971	2015-08-14 15:38:24.525147
EM-FORE-2015-664	2015-06-02 15:28:45.106202
EM_FORE_2015_934	2015-06-20 17:25:20.650636
EM_FORE_2015_697	2015-06-06 15:57:31.003419
EM_COY_2015_016278	2015-05-04 14:15:38.924562
NODE_0000319	2014-12-18 12:17:56.802980
0205_C1_PL5428	2015-03-25 15:39:32.750245
0807_C1_14750_EMLK	2015-04-19 15:03:41.846925
NODE_0000317	2014-12-21 02:01:20.013429
CON-8559	2015-06-20 17:00:39.144288
EM_COY_2015_015980	2015-04-19 15:35:45.662843
NODE_0000312	2015-01-12 16:23:14.307862
0205_C2_PL6070	2015-04-08 19:10:51.412355
EM_GUI_2015_004674	2015-03-25 13:56:39.532472
1807_C2_14795_EMLK	2015-04-23 13:10:06.917726
EM_COY_2015_015972	2015-04-19 14:23:40.784913
NODE_0000254	2014-07-12 13:14:09.166261
NODE_0000277	2014-10-07 09:02:46.475831
NODE_0000278	2014-11-04 15:37:53.543702
NODE_0000281	2015-01-09 19:09:32.640382
NODE_0000286	2015-01-27 06:20:19.680177
NODE_0000294	2015-03-06 19:39:05.339356
1105_C1_MK2790	2015-03-07 16:28:09.702760
Makona-UK3	2015-03-10 15:28:45.497590
NODE_0000290	2015-02-22 20:57:28.916017
1805_C1_MK2382	2015-02-24 15:43:25.275880
1805_C1_MK2724	2015-03-03 15:19:54.960939
1805_C1_MK2255	2015-02-20 15:33:22.456056
1805_C1_MK2397	2015-02-24 16:04:56.608888
2104_C1_MK2343	2015-02-24 15:27:32.431642
1805_C1_MK2825	2015-03-07 15:11:56.396485
3004_C1_KT5858	2015-03-10 15:43:40.437013
2507_C2_10353_EMLK	2015-02-05 15:54:38.875123
NODE_0000284	2015-02-04 22:50:31.710206
2607_C2_12781_EMLH	2015-04-05 14:45:00.911866
DML12120	2015-02-27 16:23:41.663819
1807_C2_10398_EMLK	2015-02-09 15:31:11.814881
NODE_0000233	2015-01-30 06:32:42.081300
0305_C2_PL4570	2015-03-10 15:25:53.719483
3004_C2_KT5382	2015-02-24 15:02:32.633058
NODE_0000223	2014-12-16 04:15:37.166749
NODE_0000230	2015-01-05 04:15:27.773439
2507_C1_77795_EMLK	2015-01-14 15:29:54.155274
2507_C2_10084_EMLK	2015-01-22 15:12:00.516358
2807_C2_77712_EMLK	2015-01-07 15:04:10.191651
J0129	2014-11-02 15:28:44.117433
NODE_0000265	2014-11-21 23:32:13.297120
NODE_0000266	2014-12-13 11:39:30.168458
NODE_0000267	2015-01-03 04:22:19.760743
NODE_0000269	2015-01-19 03:42:51.740113
NODE_0000270	2015-04-06 00:17:50.787965
NODE_0000219	2015-04-17 03:44:11.665650
1807_C2_14782_EMLK	2015-04-23 15:27:20.607606
1807_C1_14888_EMLK	2015-04-30 15:14:23.887940
1807_C2_14830_EMLK	2015-04-27 16:05:31.298219
NODE_0000216	2015-02-28 03:36:13.925172
0205_C2_PL5868	2015-04-05 14:46:40.036012
0205_C2_PL6086	2015-04-12 15:23:10.490113
2507_C2_10080_EMLK	2015-01-22 16:57:25.984040
2807_C2_77693_EMLK	2015-01-07 15:26:26.760865
2507_C1_77748_EMLK	2015-01-11 15:20:07.485353
0208_C1_77679_EMLK	2015-01-07 15:33:26.740724
2807_C2_77716_EMLK	2015-01-07 15:37:33.768312
NODE_0000255	2014-08-10 10:19:30.681153
NODE_0000256	2014-08-18 04:49:54.672547
2507_C2_10123_EMLK	2015-01-25 13:38:05.395204
J0170	2014-11-10 15:54:08.676454
Makona-G5114.1	2014-08-18 16:00:41.367303
Makona-G5112.1	2014-08-18 16:00:41.367303
J0081	2014-10-15 15:10:11.257325
NODE_0000275	2014-12-20 01:31:18.804933
NODE_0000276	2015-01-21 22:16:04.193116
2906_C2_KT5034	2015-02-13 16:25:27.956544
3004_C1_KT5974	2015-03-14 14:23:49.024659
1007_C2_PL4105	2015-02-27 14:30:39.034425
NODE_0000262	2014-11-08 01:03:18.555909
NODE_0000263	2015-01-04 19:11:04.595948
0806_C2_KT4631	2015-02-02 14:52:45.633546
0806_C1_KT4677	2015-02-02 16:58:51.203614
DML25411	2015-03-10 16:43:31.153565
J0167	2014-11-06 14:33:48.878175
J0124	2014-11-02 15:11:50.299073
NODE_0000218	2014-07-21 05:55:10.982667
NODE_0000225	2014-08-01 07:24:22.038575
NODE_0000226	2014-08-12 12:25:08.565675
NODE_0000228	2014-09-03 03:34:10.081788
NODE_0000229	2014-09-17 05:58:13.410646
NODE_0000231	2014-10-06 06:09:59.227296
NODE_0000232	2014-10-29 17:47:45.377198
V20143360	2014-10-30 15:14:39.857598
V20143415	2014-10-30 15:14:39.857598
V20144820	2014-11-13 15:36:36.090089
J0161	2014-11-06 14:24:26.433106
1708_C1_12705_EMLH	2015-03-28 17:12:36.496583
J0056	2014-10-08 16:53:24.744874
NODE_0000227	2014-08-25 19:01:02.105714
J0127	2014-10-30 17:28:57.520753
J0076	2014-10-15 14:49:36.778565
J0037	2014-10-01 16:42:54.074708
NODE_0000224	2014-10-09 18:49:47.105714
V20143648	2014-11-02 16:16:21.002198
1708_C2_MK2656R2	2015-03-03 15:04:47.105714
NODE_0000222	2014-11-21 08:01:03.863526
1007_C2_MK0020	2014-12-05 16:02:13.626710
1309_C2_MK13013	2015-09-12 14:28:10.718995
NODE_0000220	2014-08-17 13:47:33.731690
3004_C2_KT5320	2015-02-24 14:03:28.223878
V20140024	2014-08-18 16:34:17.205735
1507_C2_MK0864	2015-01-03 13:28:59.058839
NODE_0000298	2014-07-15 11:05:59.505616
NODE_0000301	2014-08-07 09:13:59.827882
NODE_0000305	2014-08-25 20:43:40.162355
NODE_0000308	2014-10-18 08:18:08.887940
NODE_0000310	2014-11-27 07:01:49.237062
1507_C2_MK0575	2014-12-27 15:51:40.155030
0507_C2_MK0664	2014-12-27 15:19:45.402833
2906_C2_MK0368	2014-12-20 16:13:19.068605
V20144192	2014-11-06 15:14:50.584718
NODE_0000306	2014-10-25 16:36:20.050050
0507_C2_MK0392	2014-12-20 16:21:21.917726
2906_C2_MK0366	2014-12-20 15:50:04.573976
1708_C1_MK0491R	2014-12-20 14:46:34.515382
NODE_0000189	2014-09-06 03:30:26.125489
J0019	2014-09-23 15:11:26.898194
J0015	2014-09-23 15:11:26.898194
J0096	2014-10-26 16:56:04.925538
J0020	2014-09-23 15:26:31.951905
J0123	2014-10-30 17:28:38.074952
0806_C1_KT4715	2015-02-05 11:33:51.185304
1007_C2_MK1000	2015-01-07 16:30:34.310304
NODE_0000234	2014-07-11 17:02:48.673097
NODE_0000236	2014-08-10 06:32:49.661866
NODE_0000239	2014-10-01 09:30:28.267823
NODE_0000240	2014-11-20 23:26:12.066651
NODE_0000241	2015-02-12 19:56:34.918214
2208_C1_PL4256R	2015-03-03 15:04:01.292726
0807_C1_PL4123	2015-02-27 15:07:59.091798
0305_C1_PL5201	2015-03-21 15:11:07.452394
2507_C1_10022_EMLK	2015-01-18 16:21:17.633058
V20143036	2014-10-22 15:54:57.084962
3007_C2_77581_EMLK	2015-01-03 15:32:36.478272
2507_C1_77767_EMLK	2015-01-14 16:54:24.730226
Makona-G4972.1	2014-08-14 13:49:07.582398
0106_C2_KT2316	2014-12-02 19:15:15.743409
Makona-G5982.1	2014-09-23 15:23:17.164308
NODE_0000202	2014-06-19 13:34:23.353358
NODE_0000170	2014-06-19 18:35:01.900779
NODE_0000172	2014-06-29 21:17:18.067161
NODE_0000176	2014-07-05 11:29:37.515708
NODE_0000179	2014-07-08 02:45:00.861655
NODE_0000181	2014-07-11 10:17:28.476707
V509	2014-07-23 15:15:14.965354
Makona-G4347.1	2014-07-12 16:05:13.687049
Makona-G4264.1	2014-07-09 16:25:04.938041
J0021	2014-09-27 14:12:29.195396
V20146578	2014-12-24 14:26:44.522239
Makona-G3889.1	2014-06-19 19:29:44.511016
Makona-G4423.1	2014-07-16 15:14:30.128261
NODE_0000244	2014-08-06 23:45:27.279054
NODE_0000245	2014-08-29 22:21:16.973878
J0003	2014-09-27 15:23:11.890870
J0168	2014-11-10 16:57:41.495362
Makona-G5985.1	2014-09-23 15:54:44.725343
Makona-G5853.1	2014-09-20 14:31:52.203370
V1039	2014-09-16 15:58:01.490480
EM_080265	2014-07-12 15:45:13.875733
V1116	2014-09-23 16:04:05.687257
NODE_0000167	2014-06-02 05:35:22.159825
NODE_0000168	2014-06-09 22:57:38.989965
NODE_0000173	2014-07-05 18:29:56.428929
NODE_0000174	2014-11-05 13:37:06.653539
NODE_0000175	2015-04-02 20:29:12.483617
NODE_0000177	2015-04-15 04:49:40.919896
NODE_0000178	2015-06-12 15:11:08.407689
NODE_0000180	2015-06-30 23:27:58.325902
2208_C2_18687R_EMLH	2015-07-12 15:57:57.172338
1507_C1_18636_EMLH	2015-07-05 16:19:41.977330
2208_C2_18642R_EMLH	2015-07-05 15:22:20.606175
2208_C2_18659R_EMLH	2015-07-09 16:47:51.166478
1507_C1_18706_EMLH	2015-07-12 15:25:54.839574
0208_C1_MK10173	2015-07-31 14:58:58.036595
1507_C1_18647_EMLH	2015-07-09 14:55:36.657201
1507_C1_13268_EMLH	2015-06-20 17:01:22.946263
1507_C1_18650_EMLH	2015-07-09 15:30:29.058324
1507_C1_18660_EMLH	2015-07-09 16:09:12.831517
1708_C1_13031_EMLH	2015-05-19 15:22:32.965795
2607_C2_12855_EMLH	2015-04-12 15:23:57.752782
2607_C2_12916_EMLH	2015-04-27 14:59:26.875707
J0169	2014-11-06 18:27:18.050710
Makona-G4415.1	2014-07-16 07:45:03.734838
NODE_0000171	2014-07-10 14:53:12.461644
Makona-G4312.2	2014-07-12 15:26:38.386632
Makona-G4942.1	2014-08-10 15:24:52.052709
Makona-G4702.1	2014-08-03 14:49:50.423070
Makona-G4422.1	2014-07-16 15:13:02.280980
LIBR0430	2014-12-02 14:15:46.636449
NODE_0000169	2014-06-02 08:33:52.098113
NODE_0000182	2014-06-02 11:16:40.942169
NODE_0000114	2014-06-02 14:44:51.031252
NODE_0000117	2014-06-02 21:04:24.492117
NODE_0000118	2014-06-03 14:32:14.429441
NODE_0000119	2014-06-09 22:41:42.697264
NODE_0000123	2014-06-14 23:37:25.891844
NODE_0000124	2014-06-19 15:56:42.079283
NODE_0000125	2014-06-30 12:18:00.942808
Makona-G4236.1	2014-07-09 15:23:18.667418
Makona-G4250.1	2014-07-09 15:23:18.667418
Makona-G3917.1	2014-06-20 15:47:31.252256
G3840	2014-06-17 15:26:56.938292
G3814	2014-06-13 15:20:18.381773
G3735	2014-06-03 17:40:12.077223
NM042	2014-06-02 22:23:54.391330
NODE_0000115	2014-06-02 16:06:25.239266
EM111	2014-06-02 17:27:57.795147
EM110	2014-06-02 17:27:57.795147
G3707	2014-06-02 12:12:04.062024
Makona-G4252.1	2014-07-09 15:11:47.915984
NODE_0000188	2014-08-29 19:33:25.202638
NODE_0000190	2015-01-13 02:38:13.044435
NODE_0000191	2015-02-09 05:40:19.277345
NODE_0000205	2015-03-22 14:15:26.894532
NODE_0000159	2015-03-28 07:39:30.182191
NODE_0000210	2015-05-28 12:44:11.212464
NODE_0000212	2015-06-25 14:27:21.239320
NODE_0000166	2015-07-04 16:29:00.500794
1807_C1_PL9150Rb	2015-07-12 15:24:47.183534
1807_C1_PL9199Rb	2015-07-12 15:24:47.183534
Combined_PL9192	2015-07-12 15:51:17.866517
1807_C1_PL9150R	2015-07-12 15:50:25.461732
1807_C1_PL8310b	2015-06-20 15:43:14.852601
1807_C1_15327_EMLK	2015-06-06 15:23:19.347840
NODE_0000161	2015-04-10 14:19:56.375428
NODE_0000162	2015-04-23 21:26:50.367738
NODE_0000163	2015-05-08 13:30:53.385316
0806_C1_PL7376	2015-05-26 15:21:08.583070
2906_C1_PL8172	2015-06-17 15:30:19.657289
1807_C1_15360_EMLK	2015-06-06 15:22:31.310121
1507_C2_15674_EMLK	2015-06-28 15:01:45.213319
1807_C2_14846_EMLK	2015-04-27 16:06:15.710450
NODE_0000193	2015-02-25 02:34:30.653688
NODE_0000194	2015-05-29 01:32:26.947633
NODE_0000195	2015-06-13 06:02:22.992555
NODE_0000196	2015-07-08 11:09:47.828980
NODE_0000198	2015-08-24 23:01:41.354371
NODE_0000157	2015-08-28 22:22:36.487428
NODE_0000158	2015-09-01 20:47:41.051332
1009_C1_20524_EMLK	2015-09-05 15:30:29.586183
1009_C1_20547_EMLK	2015-09-05 15:30:29.586183
0809_C1_020484_EMLK_A	2015-09-01 15:30:18.359529
0109_C2_020380_EMLK	2015-08-25 16:20:00.740777
1209_C1_20573_EMLK	2015-09-09 15:52:14.267579
NODE_0000155	2015-08-15 05:29:35.670777
0809_C1_19560_EMLK_E	2015-09-05 15:07:37.421266
1009_C1_20525_EMLK	2015-09-05 15:07:37.421266
1807_C1_15421_EMLK	2015-06-13 16:43:49.288732
2208_C2_15207R_EMLK	2015-05-30 16:20:03.701936
1807_C2_14763_EMLK	2015-04-19 15:31:31.796266
NODE_0000203	2015-04-16 05:42:08.701173
1706_C1_PL7709	2015-06-06 14:24:19.182130
0106_C2_PL7375	2015-05-26 15:50:10.341798
1706_C1_PL7801	2015-06-09 13:59:18.559571
0205_C2_PL6049	2015-04-08 16:02:15.769044
2906_C1_PL4483	2015-03-07 15:31:24.792481
J0137	2014-10-30 16:23:29.304200
J0053	2014-10-04 15:15:36.232911
NODE_0000137	2014-07-15 06:18:52.668458
NODE_0000146	2014-12-25 17:33:01.252442
NODE_0000147	2015-01-03 12:14:52.727052
NODE_0000148	2015-02-21 15:58:56.037599
NODE_0000150	2015-03-26 12:56:23.107911
0205_C2_PL5950	2015-04-08 15:13:55.708009
2605_C2_PL5534	2015-03-28 15:40:46.846162
0807_C1_PL4813	2015-03-14 16:16:23.803712
0507_C1_PL4283	2015-03-03 15:16:00.045777
1507_C2_MK0866	2015-01-03 19:06:14.829827
0807_C1_PL4119	2015-02-27 15:15:02.944337
NODE_0000131	2014-07-27 02:55:52.675782
NODE_0000133	2014-08-11 03:07:32.807008
NODE_0000134	2014-08-28 10:39:08.058473
J0042	2014-10-04 15:45:26.976930
J0134	2014-10-30 14:50:06.688844
2507_C2_10212_EMLK	2015-01-29 15:08:14.994508
J0016	2014-09-27 15:17:59.274903
NODE_0000144	2014-12-14 03:33:42.561036
DML25083	2015-02-16 15:14:33.610841
DML24573	2015-01-18 16:41:33.984376
NODE_0000138	2015-02-01 17:16:14.025880
2807_C2_567_EMLH	2015-02-02 17:29:02.907487
2607_C1_592_EMLH	2015-02-05 15:33:24.742585
J0112	2014-10-30 16:21:00.988771
NODE_0000160	2014-06-21 04:10:39.547120
V20141643	2014-10-04 15:22:21.134034
Makona-G4419.1	2014-07-16 15:56:22.943116
NODE_0000156	2014-06-20 21:44:44.212647
V1211	2014-10-01 15:25:58.992921
Makona-G4416.1	2014-07-16 15:55:11.092530
NODE_0000132	2014-07-09 12:08:52.814942
V653	2014-08-14 14:42:42.319337
V20140729	2014-09-09 17:10:50.368653
Makona-G4348.1	2014-07-09 15:44:18.010255
G3770	2014-06-08 06:12:47.894898
Makona-G5059.1	2014-08-18 16:33:35.749513
G3809	2014-06-13 15:19:29.417726
G3827	2014-06-13 15:19:29.417726
NODE_0000116	2014-06-28 21:55:52.950440
NODE_0000120	2014-07-28 04:13:15.443116
NODE_0000126	2014-08-02 04:53:13.538819
NODE_0000121	2014-10-24 17:32:12.967530
NODE_0000122	2014-11-24 09:53:41.938478
NODE_0000108	2014-12-02 17:52:44.315187
EM_004437	2015-01-03 15:27:39.682618
EM_004085	2014-12-16 15:15:19.423829
EM_004059	2014-12-20 16:13:04.072267
EM_004422	2014-12-31 15:16:08.203126
EM_076403	2014-10-26 15:29:25.429460
NODE_0000102	2014-08-06 06:29:23.050233
EM_074548	2014-08-07 15:33:26.823121
V768	2014-08-25 15:05:38.398133
NODE_0000129	2014-08-10 10:01:28.967286
V1561	2014-10-19 15:05:10.012208
V633	2014-08-10 16:19:14.572450
NODE_0000127	2014-08-16 14:08:30.952149
EM_078639	2014-12-02 16:56:25.854493
EM_078556	2014-11-28 14:51:01.977540
NODE_0000096	2014-07-13 22:45:00.142823
NODE_0000098	2014-08-06 06:36:22.576905
LIBR10110	2014-08-18 15:24:41.374513
LIBR0505	2014-12-09 15:09:52.635499
LIBR10035	2014-08-14 15:31:25.616456
LIBR0177	2014-11-13 16:19:24.913331
NODE_0000038	2014-07-02 04:44:37.730714
NODE_0000041	2014-08-10 05:54:39.342042
NODE_0000044	2014-11-02 16:06:07.305909
NODE_0000045	2015-12-20 02:51:59.161378
NODE_0000109	2016-01-31 03:05:44.124757
NODE_0000090	2016-02-22 12:43:05.830079
NODE_0000094	2016-03-09 05:28:45.078736
EM_NG_2016_029417	2016-03-20 15:24:03.224488
NZG_0381	2016-03-24 15:15:23.296510
EM_NG_2016_029366	2016-03-17 14:59:51.628419
EM_NG_2016_029364	2016-03-17 14:27:31.497804
NODE_0000046	2016-03-09 09:09:46.373292
NODE_0000088	2016-03-20 04:03:26.713258
NZG_0393	2016-03-28 14:35:57.994996
NZG_0422	2016-03-31 14:51:30.404664
NZG_0358	2016-03-20 14:15:25.988160
EM_076610	2014-11-02 20:35:38.240205
NODE_0000043	2014-09-16 06:48:32.947999
EM_076534	2014-10-30 16:06:10.601808
EM_078608	2014-12-02 15:25:23.397218
EM_000501	2014-09-12 15:15:27.828370
EM_076322	2014-10-19 14:44:15.758058
EM_079388	2014-07-27 17:07:10.697022
EM_000218	2014-09-05 15:08:31.885987
NODE_0000059	2014-05-23 13:22:51.864854
NODE_0000062	2014-05-23 20:50:11.272203
NODE_0000083	2014-05-24 03:41:30.967427
NODE_0000068	2014-05-24 09:55:54.580365
NODE_0000070	2014-05-24 15:33:00.701839
NODE_0000073	2014-05-25 03:34:54.075595
NODE_0000075	2014-06-02 15:35:31.896030
NODE_0000077	2014-06-05 15:43:38.988620
NODE_0000078	2014-06-09 10:53:31.289035
NODE_0000080	2014-06-12 17:13:49.370700
NODE_0000081	2014-06-22 11:34:47.909518
Makona-G3972.1	2014-06-24 15:44:05.685397
LIBR10237	2014-07-09 15:08:43.126803
G3782	2014-06-13 16:08:46.316272
G3820	2014-06-13 15:31:18.276645
G3734	2014-06-06 17:35:25.081073
LIBR1221	2015-02-02 12:19:49.269076
G3682	2014-05-25 05:28:40.400106
NODE_0000071	2014-05-24 17:36:14.642502
EM098	2014-05-24 19:39:24.757477
G3677	2014-05-24 19:39:24.757477
LIBR10271	2014-08-25 14:33:20.185834
LIBR10202	2014-08-25 15:06:20.274068
G3823	2014-06-13 15:32:23.510972
G3799	2014-06-13 15:31:00.536729
NODE_0000024	2014-06-25 12:55:07.796632
NODE_0000025	2014-07-21 06:33:38.441163
NODE_0000026	2014-12-19 00:14:39.378663
LIBR0624	2014-12-20 16:13:13.764268
LIBR0622	2014-12-20 16:13:13.764268
LIBR10196	2014-08-25 14:43:10.169679
NODE_0000029	2014-07-13 12:13:25.880128
LIBR10270	2014-08-25 16:07:28.055421
LIBR10217	2014-09-27 17:19:42.491456
LIBR0073	2014-11-06 15:16:11.663819
LIBR0093	2014-11-06 15:47:46.146241
NODE_0000020	2014-06-20 05:09:49.229737
NODE_0000022	2014-07-04 22:32:42.026368
NODE_0000023	2014-07-29 23:44:09.495851
LIBR10053	2014-10-01 15:04:50.072022
LIBR0090	2014-11-06 18:07:00.589601
LIBR10056	2014-09-23 15:21:41.088868
LIBR10017	2014-08-18 15:53:38.477784
LIBR10180	2014-10-08 13:07:27.725831
NODE_0000033	2014-08-19 08:16:17.486573
NODE_0000057	2014-10-11 08:48:00.538331
EM_004192	2014-12-20 14:42:34.244386
EM_004555	2015-01-22 15:08:58.912355
EM_076948	2014-11-13 16:42:32.486573
EM_000921	2014-09-27 15:48:10.535890
NODE_0000010	2014-08-16 04:27:31.387940
LIBR0157	2014-11-13 14:39:40.880128
LIBR10077	2014-08-25 16:40:41.744386
NODE_0000004	2014-07-15 03:51:07.855226
LIBR10205	2014-09-16 16:43:18.629151
EM_000219	2014-09-05 15:52:29.593507
G3670	2014-05-24 17:58:33.453828
Makona-G4437.1	2014-07-20 17:01:10.125733
LIBR0605	2014-12-20 15:46:03.643800
EM120	2014-06-02 15:17:50.623170
G3769	2014-06-09 15:56:53.100587
EM096	2014-05-24 17:58:33.453828
NODE_0000054	2014-05-08 13:25:58.443605
NODE_0000056	2014-05-24 10:27:24.054566
G3686	2014-05-26 14:00:22.355805
EM_080213	2014-07-01 16:20:48.546754
NODE_0000055	2014-06-20 23:45:51.998292
EM_074461	2014-08-03 14:58:50.489503
EM_000934	2014-09-27 16:30:48.482667
NODE_0000047	2014-05-06 13:47:11.649171
NODE_0000048	2014-05-18 02:58:15.882569
G3676	2014-05-26 15:20:56.759034
EM095	2014-05-22 15:29:18.023988
EM_080253	2014-07-09 15:13:38.074952
EM_079410	2014-04-08 17:39:17.684921
EM_079442	2014-04-01 13:40:39.004670
Kissidougou-C15	2014-04-01 06:35:17.201601
NODE_0000064	2014-03-24 14:46:51.654054
NODE_0000067	2014-05-02 08:49:49.632569
NODE_0000069	2014-05-10 11:57:05.927125
EM_079750	2014-05-19 15:44:23.283692
EM_079815	2014-05-26 15:38:21.476441
EM_079914	2014-06-09 15:57:47.565309
NODE_0000040	2014-05-11 13:43:47.715455
EM_079775	2014-05-22 15:15:07.805787
V517	2014-07-23 15:34:24.336549
NODE_0000065	2014-03-25 11:47:14.648095
NODE_0000066	2014-03-26 17:32:29.946557
EM_079414	2014-03-26 19:18:19.053942
EM_079413	2014-03-26 19:18:19.053942
EM_079497	2014-04-05 15:14:51.661035
NODE_0000072	2014-03-21 04:55:57.149278
NODE_0000074	2014-03-22 01:39:47.835847
NODE_0000076	2014-03-23 01:20:10.031091
EM_079424	2014-03-24 14:31:05.901147
EM_079429	2014-03-31 08:30:45.754968
EM_079434	2014-03-31 08:30:45.754968
NODE_0000034	2014-03-22 03:43:46.697932
EM_079422	2014-03-22 20:44:20.422526
EM_079423	2014-03-22 05:56:50.713206
NODE_0000032	2014-03-21 06:15:55.626248
Gueckedou-C07	2014-03-21 06:57:38.170228
EM_079421	2014-03-26 13:32:03.370694
NODE_0000079	2014-03-22 03:50:29.602204
NODE_0000030	2014-03-26 01:55:37.095796
EM_079549	2014-04-12 15:04:01.148530
EM_079517	2014-04-08 15:00:21.888886
Gueckedou-C05	2014-03-22 09:18:38.575917
EM_079542	2014-04-12 15:24:08.394929
NODE_0000082	2014-03-12 13:16:10.754014
NODE_0000003	2014-03-14 16:15:41.976701
NODE_0000009	2014-03-16 08:38:58.383637
NODE_0000097	2014-03-27 17:24:21.509858
NODE_0000099	2014-12-09 13:04:30.591889
NODE_0000101	2014-12-29 23:27:21.960298
NODE_0000107	2015-03-16 16:56:47.463227
NODE_0000110	2015-05-08 12:51:59.291841
NODE_0000113	2015-05-29 19:48:34.067231
NODE_0000027	2015-06-04 06:26:05.481721
KG91	2015-06-20 15:09:50.719758
KG35	2015-06-06 15:45:09.549867
EM_COY_2015_017574	2015-06-09 16:07:48.675386
NODE_0000111	2015-05-25 17:11:48.561860
EM_COY_2015_017091	2015-05-26 16:14:21.561929
KG12	2015-05-26 16:14:21.561929
KG90	2015-06-17 14:38:26.083833
NODE_0000021	2015-03-22 12:04:40.740510
EM_COY_2015_014100	2015-03-25 15:46:22.059632
IPDPFHGINSP_GUI_2015_5117	2015-04-01 15:19:26.595613
IPDPFHGINSP_GUI_2015_4909	2015-03-28 16:19:34.986421
NODE_0000103	2015-03-04 02:55:43.962251
NODE_0000104	2015-03-18 00:00:38.615571
NODE_0000105	2015-04-03 19:39:00.416108
NODE_0000106	2015-04-27 04:18:05.997163
IPDPFHGINSP_GUI_2015_7070	2015-05-19 15:01:09.267427
EM_COY_2015_016642	2015-05-15 16:55:31.327973
EM_COY_2015_015982	2015-04-19 15:09:33.704682
EM_COY_2015_016263	2015-05-04 16:52:03.686372
IPDPFHGINSP_GUI_2015_6505	2015-04-30 15:25:40.226899
CON12930	2015-10-12 13:42:00.866548
NODE_0000100	2015-04-11 13:28:04.532319
EM_COY_2015_017018	2015-05-26 15:26:02.144624
EM_COY_2015_016449	2015-05-11 14:48:35.660249
EM_079464	2014-04-01 18:13:00.439912
EM_079408	2014-03-27 21:26:51.812268
NODE_0000011	2014-03-25 16:14:25.913545
EM_079444	2014-04-01 15:20:13.891755
EM_079405	2014-03-28 15:19:21.569367
NODE_0000089	2014-03-29 00:58:56.810075
NODE_0000092	2014-04-13 12:41:32.422257
NODE_0000093	2014-05-03 07:41:57.251359
EM_079753	2014-05-22 15:04:53.893205
EM_079681	2014-05-11 15:57:46.360246
EM_079749	2014-05-19 15:41:10.998918
NODE_0000007	2014-05-05 15:54:50.853654
EM_079685	2014-05-11 15:23:00.262528
EM_079731	2014-05-19 15:12:39.768449
EM_079702	2014-05-11 15:54:18.718644
NODE_0000091	2014-04-21 05:09:34.017106
EM_079622	2014-04-27 15:13:33.779985
EM_079659	2014-05-04 16:08:10.521012
EM_079630	2014-04-30 15:47:33.899919
NODE_0000085	2014-04-05 02:21:50.011827
EM_079578	2014-04-16 16:34:07.359239
EM_079514	2014-04-08 13:01:39.442063
EM_079587	2014-04-19 15:10:59.923326
EM_079412	2014-03-28 15:31:25.585557
